{
  "modelo_ganador": "OLS",
  "R2_test": 0.5038629133578201,
  "RMSE_test": 1371.6581931811868,
  "MAE_test": 533.0901578558772,
  "columnas_esperadas": [
    "PC1",
    "PC2",
    "PC3",
    "PC4",
    "PC5",
    "PC6",
    "PC7",
    "PC8",
    "Gender___female",
    "Gender___male",
    "Gender___other",
    "City___adana",
    "City___ankara",
    "City___antalya",
    "City___bursa",
    "City___eskisehir",
    "City___gaziantep",
    "City___istanbul",
    "City___izmir",
    "City___kayseri",
    "City___konya",
    "Product_Category___beauty",
    "Product_Category___books",
    "Product_Category___electronics",
    "Product_Category___fashion",
    "Product_Category___food",
    "Product_Category___home & garden",
    "Product_Category___sports",
    "Product_Category___toys",
    "Payment_Method___bank transfer",
    "Payment_Method___cash on delivery",
    "Payment_Method___credit card",
    "Payment_Method___debit card",
    "Payment_Method___digital wallet",
    "Device_Type___desktop",
    "Device_Type___mobile",
    "Device_Type___tablet",
    "Is_Returning_Customer___False",
    "Is_Returning_Customer___True"
  ],
  "fecha_guardado": "2025-12-03 15:30:38"
}